;legend;color;marker;linestyle
meins;deins;#caffee;;
Emissions|CH4;Total;#000000;;
Emissions|CH4|Energy Supply and Demand;CH4 Energy;#cc0000;;
Emissions|CH4|Land Use;CH4 Land Use;#ff9900;;
Emissions|CH4|Other;CH4 other;#cc00cc;;
Emissions|CH4|Waste;CH4 Waste;#bcbc6d;;
Emissions|CO2|Fossil Fuels and Industry;Total;#000000;;
Emissions|CO2|Fossil Fuels and Industry|Cement;Cement;#666666;;
Emissions|CO2|Fossil Fuels and Industry|Energy Demand|Industry;Industry;#666666;;
Emissions|CO2|Fossil Fuels and Industry|Energy Demand|Other Sector;Other Sector;#ffb200;;
Emissions|CO2|Fossil Fuels and Industry|Energy Demand|Residential and Commercial;Res&Comm;#ff6666;;
Emissions|CO2|Fossil Fuels and Industry|Energy Demand|Transportation;Transport;#0000cc;;
Emissions|CO2|Fossil Fuels and Industry|Energy Supply;FF&I Supply;#cc0066;;
Emissions|CO2|Land Use;CO2 LUCF;#007f00;;
Emissions|CO2|Land-Use Change;CO2 LUCF;#007f00;;
Emissions|F-Gases;F-Gases;#cccc00;;
Emissions|N2O;Total;#000000;;
Emissions|N2O|Energy Supply and Demand;N2O Energy;#0000cc;;
Emissions|N2O|Land Use;N2O Land Use;#00ff66;;
Emissions|N2O|Other;N2O other;#00cccc;;
Final Energy;Total;#000000;;
FE;Total;#000000;;
Final Energy|Electricity;Electricity;#ffb200;;
FE|Electricity;Electricity;#ffb200;;
Final Energy|Gases;Gases;#999966;;
FE|Gases;Gases;#999966;;
Final Energy|Geothermal;Geothermal;#660000;;
FE|Geothermal;Geothermal;#660000;;
Final Energy|Heat;Heat;#cc0000;;
FE|Heat;Heat;#cc0000;;
Final Energy|Hydrogen;Hydrogen;#66cccc;;
FE|Hydrogen;Hydrogen;#66cccc;;
Final Energy|Industry;Industry;#cc7f00;;
FE|Industry;Industry;#cc7f00;;
Final Energy|Liquids;Liquids;#0000cc;;
FE|Liquids;Liquids;#0000cc;;
Final Energy|Other;Other;#7f7f7f;;
FE|Other;Other;#7f7f7f;;
Final Energy|Other Sector;Other;#666666;;
FE|Other Sector;Other;#666666;;
Final Energy|Residential and Commercial;Res&Comm;#cc0000;;
FE|Residential and Commercial;Res&Comm;#cc0000;;
Final Energy|Solar;Solar;#7f7f00;;
FE|Solar;Solar;#7f7f00;;
Final Energy|Solids;Solids;#191919;;
FE|Solids;Solids;#191919;;
Final Energy|Solids|Biomass;Biomass;#00b219;;
FE|Solids|Biomass;Biomass;#00b219;;
Final Energy|Solids|Coal;Coal;#191919;;
FE|Solids|Coal;Coal;#191919;;
Final Energy|Transportation;Total;#000000;;
FE|Transportation;Total;#000000;;
Final Energy|Transportation|Diesel;Diesel;#0000cc;;
FE|Transportation|Diesel;Diesel;#0000cc;;
Final Energy|Transportation|Electricity;Electricity;#ffb200;;
FE|Transportation|Electricity;Electricity;#ffb200;;
Final Energy|Transportation|Gases;Gases;#999966;;
FE|Transportation|Gases;Gases;#999966;;
Final Energy|Transportation|Hydrogen;Hydrogen;#66cccc;;
FE|Transportation|Hydrogen;Hydrogen;#66cccc;;
Final Energy|Transportation|Liquids;Liquids;#0000cc;;
FE|Transportation|Liquids;Liquids;#0000cc;;
Final Energy|Transportation|Liquids|Biomass;Biofuels;#00b219;;
FE|Transportation|Liquids|Biomass;Biofuels;#00b219;;
Final Energy|Transportation|Liquids|Coal;Coal Synfuels;#191919;;
FE|Transportation|Liquids|Coal;Coal Synfuels;#191919;;
Final Energy|Transportation|Liquids|Oil;Oil based;#0000cc;;
FE|Transportation|Liquids|Oil;Oil based;#0000cc;;
Final Energy|Transportation|Petrol;Petrol;#191919;;
FE|Transportation|Petrol;Petrol;#191919;;
Forcing|AN3A;Forcing;#e5e5b2;;
LCOE|Electricity|Biomass|w/ CCS;Biomass w/ CCS;#33ff00;;
LCOE|Electricity|Biomass|w/o CCS;Biomass w/o CCS;#005900;;
LCOE|Electricity|Coal|w/ CCS;Coal w/ CCS;#b2b2b2;;
LCOE|Electricity|Coal|w/o CCS;Coal w/o CCS;#0c0c0c;;
LCOE|Electricity|Gas|w/ CCS;Gas w/ CCS;#e5e5b2;;
LCOE|Electricity|Gas|w/o CCS;Gas w/o CCS;#999959;;
LCOE|Electricity|Non-Biomass Renewables;Non-Biomass;#7f7f7f;;
LCOE|Electricity|Nuclear;Nuclear;#ff33ff;;
LCOE|Electricity|Solar|Average;Solar avg.;#ffcc00;;
LCOE|Electricity|Solar|Marginal;Solar mar.;#e5b200;;
LCOE|Electricity|Wind|Average;Wind avg.;#99bfff;;
LCOE|Electricity|Wind|Marginal;Wind mar.;#7f99cc;;
Policy Cost|Consumption Loss;Policy Costs;#e5e5b2;;
Price|Biomass|World Market;Biomass;#005900;;
Price|Carbon;CO2;#e5e5b2;;
Price|Coal|World Market;Coal;#0c0c0c;;
Price|Gas|World Market;Gas;#999959;;
Price|Oil|World Market;Oil;#663a00;;
Price|Uranium|World Market;Uranium;#ff33ff;;
Primary Energy;Total;#000000;;
Primary Energy|Biomass|w/ CCS;BECCS;#33ff00;;
Primary Energy|Biomass|w/o CCS;Biomass;#005900;;
Primary Energy|Coal|Electricity;Coal;#0c0c0c;;
Primary Energy|Coal|w/ CCS;Coal w/ CCS;#b2b2b2;;
Primary Energy|Coal|w/o CCS;Coal w/o CCS;#0c0c0c;;
Primary Energy|Gas|Electricity;Gas;#999959;;
Primary Energy|Gas|w/ CCS;Gas w/ CCS;#e5e5b2;;
Primary Energy|Gas|w/o CCS;Gas w/o CCS;#999959;;
Primary Energy|Geothermal;Geothermal;#e51900;;
Primary Energy|Hydro;Hydro;#191999;;
Primary Energy|Nuclear;Nuclear;#ff33ff;;
Primary Energy|Oil;Oil;#663a00;;
Primary Energy|Oil|w/ CCS;Oil w/ CCS;#cc7500;;
Primary Energy|Oil|w/o CCS;Oil w/o CCS;#663a00;;
Primary Energy|Other;Other;#7f7f7f;;
Primary Energy|Solar;Solar;#ffcc00;;
Primary Energy|Solar|Electricity;Solar;#ffcc00;;
Primary Energy|Wind;Wind;#337fff;;
PE;Total;#000000;;
PE|Biomass|w/ CCS;BECCS;#33ff00;;
PE|Biomass|w/o CCS;Biomass;#005900;;
PE|Coal|Electricity;Coal;#0c0c0c;;
PE|Coal|w/ CCS;Coal w/ CCS;#b2b2b2;;
PE|Coal|w/o CCS;Coal w/o CCS;#0c0c0c;;
PE|Gas|Electricity;Gas;#999959;;
PE|Gas|w/ CCS;Gas w/ CCS;#e5e5b2;;
PE|Gas|w/o CCS;Gas w/o CCS;#999959;;
PE|Geothermal;Geothermal;#e51900;;
PE|Hydro;Hydro;#191999;;
PE|Nuclear;Nuclear;#ff33ff;;
PE|Oil;Oil;#663a00;;
PE|Oil|w/ CCS;Oil w/ CCS;#cc7500;;
PE|Oil|w/o CCS;Oil w/o CCS;#663a00;;
PE|Other;Other;#7f7f7f;;
PE|Solar;Solar;#ffcc00;;
PE|Solar|Electricity;Solar;#ffcc00;;
PE|Wind;Wind;#337fff;;
Secondary Energy|Electricity;Total;#000000;;
SE|Electricity;Total;#000000;;
Secondary Energy|Electricity|Biomass|w/ CCS;BECCS;#33ff00;;
SE|Electricity|Biomass|w/ CCS;BECCS;#33ff00;;
Secondary Energy|Electricity|Biomass|w/o CCS;Biomass;#005900;;
SE|Electricity|Biomass|w/o CCS;Biomass;#005900;;
Secondary Energy|Electricity|Coal|w/ CCS;Coal w/ CCS;#b2b2b2;;
SE|Electricity|Coal|w/ CCS;Coal w/ CCS;#b2b2b2;;
Secondary Energy|Electricity|Gas|w/ CCS;Gas w/ CCS;#e5e5b2;;
SE|Electricity|Gas|w/ CCS;Gas w/ CCS;#e5e5b2;;
Secondary Energy|Electricity|Gas|w/o CCS;Gas w/o CCS;#999959;;
SE|Electricity|Gas|w/o CCS;Gas w/o CCS;#999959;;
Secondary Energy|Electricity|Geothermal;Geothermal;#e51900;;
SE|Electricity|Geothermal;Geothermal;#e51900;;
Secondary Energy|Electricity|Hydro;Hydro;#191999;;
SE|Electricity|Hydro;Hydro;#191999;;
Secondary Energy|Electricity|Hydrogen;Hydrogen;#88FFFF;;
SE|Electricity|Hydrogen;Hydrogen;#88FFFF;;
Secondary Energy|Electricity|Nuclear;Nuclear;#ff33ff;;
SE|Electricity|Nuclear;Nuclear;#ff33ff;;
Secondary Energy|Electricity|Ocean;Ocean;#000066;;
SE|Electricity|Ocean;Ocean;#000066;;
Secondary Energy|Electricity|Oil;Oil;#663a00;;
SE|Electricity|Oil;Oil;#663a00;;
Secondary Energy|Electricity|Oil|w/ CCS;Oil w/ CCS;#cc7500;;
SE|Electricity|Oil|w/ CCS;Oil w/ CCS;#cc7500;;
Secondary Energy|Electricity|Oil|w/o CCS;Oil w/o CCS;#663a00;;
SE|Electricity|Oil|w/o CCS;Oil w/o CCS;#663a00;;
Secondary Energy|Electricity|Other;Other;#7f7f7f;;
SE|Electricity|Other;Other;#7f7f7f;;
Secondary Energy|Electricity|Solar;Solar;#ffcc00;;
SE|Electricity|Solar;Solar;#ffcc00;;
Secondary Energy|Electricity|Wind;Wind;#337fff;;
SE|Electricity|Wind;Wind;#337fff;;
Secondary Energy|Electricity|Wind|Onshore;Wind Onshore;#337fff;;
SE|Electricity|Wind|Onshore;Wind Onshore;#337fff;;
Secondary Energy|Electricity|Wind|Offshore;Wind Offshore;#334cff;;
SE|Electricity|Wind|Offshore;Wind Offshore;#334cff;;
Secondary Energy|Gases|Biomass;Gases|Biomass;#99ff99;;
SE|Gases|Biomass;Gases|Biomass;#99ff99;;
Secondary Energy|Gases|Coal;Gases|Coal;#664c4c;;
SE|Gases|Coal;Gases|Coal;#664c4c;;
Secondary Energy|Gases|Natural Gas;Gases|Natural Gas;#cc0000;;
SE|Gases|Natural Gas;Gases|Natural Gas;#cc0000;;
Secondary Energy|Gases|Other;Gases|Other;#b23333;;
SE|Gases|Other;Gases|Other;#b23333;;
Secondary Energy|Heat|Biomass;Heat|Biomass;#66cc19;;
SE|Heat|Biomass;Heat|Biomass;#66cc19;;
Secondary Energy|Heat|Coal;Heat|Coal;#663333;;
SE|Heat|Coal;Heat|Coal;#663333;;
Secondary Energy|Heat|Gas;Heat|Gas;#cc0000;;
SE|Heat|Gas;Heat|Gas;#cc0000;;
Secondary Energy|Heat|Geothermal;Heat|Geothermal;#ff7f00;;
SE|Heat|Geothermal;Heat|Geothermal;#ff7f00;;
Secondary Energy|Heat|Oil;Heat|Oil;#6666ff;;
SE|Heat|Oil;Heat|Oil;#6666ff;;
Secondary Energy|Heat|Other;Heat|Other;#b2b233;;
SE|Heat|Other;Heat|Other;#b2b233;;
Secondary Energy|Heat|Solar;Heat|Solar;#ffff00;;
SE|Heat|Solar;Heat|Solar;#ffff00;;
Secondary Energy|Hydrogen|Biomass;Hydrogen|Biomass;#00ffb2;;
SE|Hydrogen|Biomass;Hydrogen|Biomass;#00ffb2;;
Secondary Energy|Hydrogen|Coal;Hydrogen|Coal;#b2b2b2;;
SE|Hydrogen|Coal;Hydrogen|Coal;#b2b2b2;;
Secondary Energy|Hydrogen|Gas;Hydrogen|Gas;#ff6666;;
SE|Hydrogen|Gas;Hydrogen|Gas;#ff6666;;
Secondary Energy|Hydrogen|Other;Hydrogen|Other;#00ccff;;
SE|Hydrogen|Other;Hydrogen|Other;#00ccff;;
Secondary Energy|Liquids|Biomass;Liquids|Biomass;#00ff00;;
SE|Liquids|Biomass;Liquids|Biomass;#00ff00;;
Secondary Energy|Liquids|Coal;Liquids|Coal;#191919;;
SE|Liquids|Coal;Liquids|Coal;#191919;;
Secondary Energy|Liquids|Gas;Liquids|Gas;#b266b2;;
SE|Liquids|Gas;Liquids|Gas;#b266b2;;
Secondary Energy|Liquids|Oil;Liquids|Oil;#0000cc;;
SE|Liquids|Oil;Liquids|Oil;#0000cc;;
Secondary Energy|Liquids|Other;Liquids|Other;#cccc00;;
SE|Liquids|Other;Liquids|Other;#cccc00;;
Secondary Energy|Solids|Biomass;Solids|Biomass;#00b219;;
SE|Solids|Biomass;Solids|Biomass;#00b219;;
Trade|Biomass|Value;Biomass;#ffcc00;;
Trade|Emissions Allowances|Value;Permits;#ff33ff;;
Trade|Emissions Allowances|Volume;Permit-Trade;#0c0c0c;;
Trade|Goods;Goods;#e5e5b2;;
Trade|Primary Energy|Coal|Value;Coal;#999959;;
Trade|Primary Energy|Gas|Value;Gas;#191999;;
Trade|Primary Energy|Oil|Value;Oil;#337fff;;
Trade|Uranium|Value;Uranium;#33ff00;;
CAZ;Canada;#f58231;;
CHA;mainly China;#3cb44b;;
MEA;Middle East/North Africa;#4363d8;;
LAM;Latin America;#96cfc8;;
SSA;Sub Saharan Africa;#911eb4;;
JPN;Japan;#ff9999;;
USA;USA;#e6194B;;
OAS;other Asia;#800000;;
IND;India;#808000;;
FRA;France;#000075;;
DEU;Germany;#f032e6;;
REF;Reforming Economies;#9A6324;;
World;World;#404040;;
NEU;non-EU Europe;#42d4f4;;
EUR;Europe;#ffd610;;
ESW;;#B0B0B0;;
ECS;;#dcbeff;;
ECE;;#aaffc3;;
EU27;Europe 27;#fabed4;;
ENC;;#0c6e26;;
ESC;;#981285;;
EWN;;#D1BCA8;;
UKI;United Kingdom;#c46102;;
AFR;Africa;#00BAFF;;
CPA;Centrally planned Asia;#F24200;;
FSU;States of the former Sovjet Union;#D900BC;;
NAM;North America;#8C5400;;
PAO;Pacific OECD;#007362;;
PAS;Pacific Asia;#730002;;
SAS;South Asia;#175900;;
GLO;World;#261E00;;
ROW;Rest of World;#007362;;
CHN;China;#F24200;;
RUS;Russia;#D900BC;;
glob;World;#261E00;;
Land Cover|Cropland;Cropland;#8B4513;;
Land Cover|Cropland|Energy Crops;Cropland|Energy;#838B83;;
Land Cover|Cropland|Non-Energy Crops;Cropland|Non-Energy;#8B4513;;
Land Cover|Forest;Forest;#66A61E;;
Land Cover|Forest|Managed;Forest|Managed;#006400;;
Land Cover|Forest|Unmanaged;Forest|Unmanaged;#66A61E;;
Land Cover|Other Arable Land;Other;#CD3333;;
Land Cover|Other Land;Other;#CD3333;;
Land Cover|Other Land|Urban;Urban;#000000;;
Land Cover|Other;Other;#CD3333;;
Land Cover|Pasture;Pasture;#E6AB02;;
Land Cover|Urban;Urban;#000000;;
Cropland;Cropland;#8B4513;;
Forest;Forest;#66A61E;;
Other Land;Other;#CD3333;;
Pastures and Rangelands;Pasture;#E6AB02;;
Urban Area;Urban;#000000;;
crop;Cropland;#8B4513;;
crop.bio;Cropland|Energy;#838B83;;
crop.nobio;Cropland|Non-Energy;#8B4513;;
forest;Forest;#66A61E;;
forestry;Forestry;#006400;;
other;Other;#CD3333;;
past;Pasture;#E6AB02;;
urban;Urban;#000000;;
core;core;#000000;;
nitrogen;nitrogen;#CAB2D6;;
carbon;carbon;#CAB2D6;;
phosphorus;phosphorus;#CAB2D6;;
maccs;maccs;#6A3D9A;;
bioenergy;bioenergy;#B2DF8A;;
presolve;presolve;#808080;;
yields;yields;#FDBF6F;;
water_demand;water_demand;#1F78B4;;
water_availability;water_availability;#1F78B4;;
methane;methane;#CAB2D6;;
transport;transport;#E31A1C;;
residues;residues;#FDBF6F;;
processing;processing;#FDBF6F;;
trade;trade;#FB9A99;;
livestock;livestock;#EEEE00;;
landconversion;landconversion;#E31A1C;;
factor_costs;factor_costs;#E31A1C;;
area_equipped_for_irrigation;area_equipped_for_irrigation;#A6CEE3;;
nr_impact;nr_impact;#6A3D9A;;
interest_rate;interest_rate;#FB9A99;;
tc;tc;#E31A1C;;
optimization;optimization;#808080;;
awms;awms;#EEEE00;;
demand;demand;#FDBF6F;;
carbon_removal;carbon_removal;#6A3D9A;;
damages;damages;#FF7F00;;
tax;tax;#FF7F00;;
growth;growth;#FF7F00;;
subsidizeLearning;subsidizeLearning;#FF7F00;;
subsidizelearning;subsidizelearning;#FF7F00;;
techpol;techpol;#A6CEE3;;
emicapregi;emicapregi;#A6CEE3;;
banking;banking;#A6CEE3;;
carbonprice;carbonprice;#A6CEE3;;
fossil;fossil;#E31A1C;;
biomass;biomass;#E31A1C;;
CDR;CDR;#5d206c;;
water;water;#B2DF8A;;
codePerformance;codePerformance;#808080;;
climate;climate;#CAB2D6;;
aerosols;aerosols;#CAB2D6;;
Price|Final Energy|Electricity|Stationary;Electricity|Stationary;#ffdc00;;
Price|Final Energy|Electricity|Transport;Electricity|Transport;#331a00;;
Price|Final Energy|Hydrogen|Stationary;Hydrogen|Stationary;#ff7b00;;
Price|Final Energy|Hydrogen|Transport;Hydrogen|Transport;#ab7bb8;;
Price|Final Energy|Gases;Gases;#1a4114;;
Price|Final Energy|Liquids;Liquids;#db0e00;;
Price|Final Energy|Heating Oil;Heating Oil;#44ba97;;
Price|Final Energy|Heat;Heat;#ff9977;;
Price|Final Energy|Solids;Solids;#6e7700;;
Price|Final Energy|Petrol;Petrol;#29b1da;;
Price|Final Energy|Diesel;Diesel;#08262f;;
Forcing|CO2 (W/m2);CO2;#331a00;;
Forcing|CH4 (W/m2);CH4;#ffe7a0;;
Forcing|N2O (W/m2);N2O;#44ba97;;
Forcing|F-Gases (W/m2);F-Gases;#ff9977;;
Forcing|Aerosol (W/m2);Aerosol;#6e7700;;
Forcing|Other (W/m2);Other;#08262f;;
Secondary Energy|Electricity|w/o CCS;Coal w/o CCS;#0c0c0c;;
SE|Electricity|w/o CCS;Coal w/o CCS;#0c0c0c;;
Secondary Energy|Electricity|Coal|w/o CCS;Coal w/o CCS;#0c0c0c;;
SE|Electricity|Coal|w/o CCS;Coal w/o CCS;#0c0c0c;;
Biomass|w/ CCS;Biomass w/ CCS;#33ff00;;
Biomass|w/o CCS;Biomass w/o CCS;#005900;;
Coal|w/ CCS;Coal w/ CCS;#b2b2b2;;
Coal|w/o CCS;Coal w/o CCS;#0c0c0c;;
Gas|w/ CCS;Gas w/ CCS;#e5e5b2;;
Gas|w/o CCS;Gas w/o CCS;#999959;;
Oil|w/ CCS;Oil w/ CCS;#cc7500;;
Oil|w/o CCS;Oil w/o CCS;#663a00;;
Oil;Oil;#cc7500;;
Coal;Coal;#0c0c0c;;
Gas;Gas;#999959;;
Non-Biomass Renewables;Non-Biomass;#7f7f7f;;
Nuclear;Nuclear;#ff33ff;;
Solar;Solar;#ffcc00;;
Wind;Wind;#337fff;;
Wind|Onshore;Wind Onshore;#337fff;;
Wind|Offshore;Wind Offshore;#334cff;;
Hydro;Hydro;#191999;;
Geothermal;Geothermal;#e51900;;
Net Import;Net Import;#dbd6d0;;
Transmission Losses;Transmission Losses;#79577c;;
Grid;Grid;#7f7f7f;;
Storage;Storage;#9500da;;
Storage|Battery;Battery storage;#9500da;;
Biomass;Biomass;#005900;;
Gases|w/ CCS;Gases w/ CCS;#e5e5b2;;
Gases|w/o CCS;Gases w/o CCS;#999959;;
Electricity|w/ CCS;Electricity w/ CCS;#b2b2b2;;
Electricity|w/o CCS;Electricity w/o CCS;#0c0c0c;;
Liquids|w/ CCS;Liquids w/ CCS;#00ccff;;
Liquids|w/o CCS;Liquids w/o CCS;#0000cc;;
Hydrogen|w/ CCS;Hydrogen w/ CCS;#ff7b00;;
Hydrogen|w/o CCS;Hydrogen w/o CCS;#ab7bb8;;
Other;Other;#ff6666;;
Gases;Gases;#999959;;
Solar|CSP;Solar CSP;#ffb400;;
Solar|PV;Solar PV;#ffe600;;
Electricity;Electricity;#ffb200;;
Heat;Heat;#cc0000;;
Solids;Solids;#0c0c0c;;
Liquids;Liquids;#0000cc;;
Hydrogen;Hydrogen;#66cccc;;
CO2|Land-Use Change;CO2|Land-Use Change;#007f00;;
CO2|Gross Fossil Fuels and Industry;CO2|Gross FF & I;#000000;;
CO2|Carbon Capture and Storage|Biomass;CO2|CCS|Biomass;#666666;;
CH4|Energy Supply and Demand;CH4|Energy Supply and Demand;#cc0000;;
CH4|Land Use;CH4|Land Use;#ff9900;;
CH4|Other;CH4|Other;#cc00cc;;
CH4|Waste;CH4|Waste;#bcbc6d;;
N2O|Land Use;N2O|Land Use;#00ff66;;
N2O|Energy Supply and Demand;N2O|Energy Supply and Demand;#0000cc;;
N2O|Other;N2O|Other;#00cccc;;
Emissions|CO2|Energy|Supply|Gross;Supply Gros;#661a00;;
Emissions|CO2|Energy|Gross;Energy (gross);#BBBBBB;;
Emissions|CO2|Energy|Supply|Non-Elec;Supply Non-Electr;#661a00;;
Emissions|CO2|Energy|Supply|Electricity|Gross;Supply Electricity;#993a44;;
Carbon Sequestration|CCS|Biomass|Neg;Supply BECCS;#00aa00;;
Emissions|CO2|Energy|Demand|Industry;Industry;#7777ff;;
Emissions|CO2|Energy|Demand|Industry|Gross;Industry;#7777ff;;
Emissions|CO2|Energy|Demand|Transportation;Transport;#222288;;
Emissions|CO2|Energy|Demand|Residential and Commercial;R & C;#4444bb;;
Emissions|CO2|Industrial Processes;Process;#aa5a00;;
Emissions|CO2|Energy and Industrial Processes;Energy and Processes;#000000;;
Emissions|CO2|AFOLU|Land;Land;#116611;;
Emissions|CO2|AFOLU;Land;#116611;;
Emissions|CO2|AFOLU and BECCS;AFOLU and BECCS;#114411;;
Emissions|CO2;CO2;#333333;;
Emissions|N2O|CO2eq;N2O;#aa3333;;
Emissions|CH4|CO2eq;CH4;#3333aa;;
Final Energy|Industry|Electricity;Electricity;#ffb200;;
FE|Industry|Electricity;Electricity;#ffb200;;
Final Energy|Industry|Gases;Gases;#999966;;
FE|Industry|Gases;Gases;#999966;;
Final Energy|Industry|Geothermal;Geothermal;#660000;;
FE|Industry|Geothermal;Geothermal;#660000;;
Final Energy|Industry|Heat;Heat;#cc0000;;
FE|Industry|Heat;Heat;#cc0000;;
Final Energy|Industry|Hydrogen;Hydrogen;#66cccc;;
FE|Industry|Hydrogen;Hydrogen;#66cccc;;
Final Energy|Industry|Liquids;Liquids;#0000cc;;
FE|Industry|Liquids;Liquids;#0000cc;;
Final Energy|Industry|Other;Other;#7f7f7f;;
FE|Industry|Other;Other;#7f7f7f;;
Final Energy|Residential and Commercial|Electricity;Electricity;#ffb200;;
FE|Residential and Commercial|Electricity;Electricity;#ffb200;;
Final Energy|Residential and Commercial|Gases;Gases;#999966;;
FE|Residential and Commercial|Gases;Gases;#999966;;
Final Energy|Residential and Commercial|Geothermal;Geothermal;#660000;;
FE|Residential and Commercial|Geothermal;Geothermal;#660000;;
Final Energy|Residential and Commercial|Heat;Heat;#cc0000;;
FE|Residential and Commercial|Heat;Heat;#cc0000;;
Final Energy|Residential and Commercial|Hydrogen;Hydrogen;#66cccc;;
FE|Residential and Commercial|Hydrogen;Hydrogen;#66cccc;;
Final Energy|Residential and Commercial|Liquids;Liquids;#0000cc;;
FE|Residential and Commercial|Liquids;Liquids;#0000cc;;
Final Energy|Residential and Commercial|Other;Other;#7f7f7f;;
FE|Residential and Commercial|Other;Other;#7f7f7f;;
non-Heating|Electricity|Conventional;non-heating Electricity;#ffb200;;
Heating|Solids;Solids;#191919;;
Heating|Liquids;Liquids;#0000cc;;
Heating|Gases;Gases;#999966;;
Heating|District Heating;District heating;#cc0000;;
Heating|Electricity|Resistance;Resistive electric heating;#f58231;;
Heating|Electricity|Heat pump;Heat pumps;#3cb44b;;
Heating|Hydrogen;Hydrogen;#66cccc;;
Electricity|Resistance;Resistive electric heating;#f58231;;
Electricity|Heat pump;Heat pumps;#3cb44b;;
BAU_Nash;BAU Nash;#0c0c0c;;
BAU_Nash_l;BAU Nash low;#0c0c0c;;
BAU_Nash_m2;BAU Nash m2;#0c0c0c;;
BAU_Nash_h;BAU Nash high;#0c0c0c;;
DET_CHN_BAU_l;LTA BAU low;#00009950;;
DET_CHN_BAU_m2;LTA BAU m2;#00990050;;
DET_CHN_BAU_h;LTA BAU high;#99000050;;
DET_CHN_BAU_bg;BG BAU;#00000050;;
DET_CHN_T50_abs_l;LTA T50 QUAN low;#000099FF;;
DET_CHN_T50_abs_m2;LTA T50 QUAN m2;#009900FF;;
DET_CHN_T50_abs_h;LTA T50 QUAN high;#990000FF;;
DET_CHN_T50_abs_bg;BG T50 QUAN;#00000050;;
DET_CHN_T50_int_l;LTA T50 INT low;#00009960;;
DET_CHN_T50_int_m2;LTA T50 INT m2;#00990060;;
DET_CHN_T50_int_h;LTA T50 INT high;#99000060;;
DET_CHN_T50_int_bg;BG T50 INT;#00000050;;
DET_CHN_T30_abs_l;LTA-L T30 QUAN;#000099FF;;
DET_CHN_T30_abs_m2;LTA T30 QUAN m2;#009900FF;;
DET_CHN_T30_abs_h;LTA-H T30 QUAN;#990000FF;;
DET_CHN_T30_abs_bg;LTA-BG T30 QUAN;#00000050;;
DET_CHN_T30_int_l;LTA T30 INT low;#00009960;;
DET_CHN_T30_int_m2;LTA T30 INT m2;#00990060;;
DET_CHN_T30_int_h;LTA T30 INT high;#99000060;;
DET_CHN_T30_int_bg;BG T30 INT;#00000050;;
R17IH_m2-Ref;R17IH m2-Ref;violet;;
NL_CHN_BAU;NL BAU;#00000075;;
NL_CHN_BAU_l;NL BAU low;#00009950;;
NL_CHN_BAU_m2;NL BAU m2;#00990050;;
NL_CHN_BAU_h;NL BAU high;#99000050;;
NL_CHN_T50_abs;NL T50 QUAN;orange1;;
NL_CHN_T50_abs_L;ATL T50 QUAN;violet;;
NL_CHN_T50_abs_L_l;ATL T50 QUAN low;#000099FF;;
NL_CHN_T50_abs_L_m2;ATL T50 QUAN m2;#009900FF;;
NL_CHN_T50_abs_L_h;ATL T50 QUAN high;#990000FF;;
NL_CHN_T50_abs_l;NL T50 QUAN low;#000099FF;;
NL_CHN_T50_abs_m2;NL T50 QUAN m2;#009900FF;;
NL_CHN_T50_abs_h;NL T50 QUAN high;#990000FF;;
NL_CHN_T50_int;NL T50 INT;#00000075;;
NL_CHN_T50_int_L;ATL T50 INT;violet;;
NL_CHN_T50_int_L_l;ATL T50 INT low;#00009960;;
NL_CHN_T50_int_L_m2;ATL T50 INT m2;#00990060;;
NL_CHN_T50_int_L_h;ATL T50 INT high;#99000060;;
NL_CHN_T50_int_l;NL T50 INT low;#00009960;;
NL_CHN_T50_int_m2;NL T50 INT m2;#00990060;;
NL_CHN_T50_int_h;NL T50 INT high;#99000060;;
NL_CHN_T30_abs;NL T30 QUAN;orange1;;
NL_CHN_T30_abs_L;ATL T30 QUAN;violet;;
NL_CHN_T30_abs_L_l;ATL T30 QUAN low;#000099FF;;
NL_CHN_T30_abs_L_m2;ATL T30 QUAN m2;#009900FF;;
NL_CHN_T30_abs_L_h;ATL T30 QUAN high;#990000FF;;
NL_CHN_T30_abs_l;NL T30 QUAN low;#000099FF;;
NL_CHN_T30_abs_m2;NL T30 QUAN m2;#009900FF;;
NL_CHN_T30_abs_h;NL T30 QUAN high;#990000FF;;
NL_CHN_T30_int;NL T30 INT;#00000075;;
NL_CHN_T30_int_L;ATL T30 INT;violet;;
NL_CHN_T30_int_L_l;ATL T30 INT low;#00009960;;
NL_CHN_T30_int_L_m2;ATL T30 INT m2;#00990060;;
NL_CHN_T30_int_L_h;ATL T30 INT high;#99000060;;
NL_CHN_T30_int_l;NL T30 INT low;#00009960;;
NL_CHN_T30_int_m2;NL T30 INT m2;#00990060;;
NL_CHN_T30_int_h;NL-High T30 INT;#99000060;;
LTA_BAU_l;Base-Low;#00009940;;
LTA_BAU_h;Base-High;#99000040;;
BG_BAU;BG Base;grey;;
LTA_T50_Q_l;LTA T50 Q low;#000099FF;;
LTA_T50_Q_h;LTA T50 Q high;#990000FF;;
BG_T50_Q;BG T50;black;;
LTA_T50_I_l;LTA T50 I low;#00009960;;
LTA_T50_I_h;LTA T50 I high;#99000060;;
BG_T50_I;BG T50 INT;#00000050;;
LTA_T30_Q_l;LTA-Low T30 QUAN;#000099FF;;
LTA_T30_Q_h;LTA-High T30 QUAN;brown2;;
BG_T30_Q;BG T30;black;;
LTA_T30_I_l;LTA-Low T30 INT ;#00009940;;
LTA_T30_I_h;LTA-High T30 INT ;#99000040;;
BG_T30_I;BG T30 INT;black;;
NL_BAU;NL Base;#00000075;;
NL_BAU_l;NL-Low BAU;#00009950;;
NL_BAU_bg;NL-BG BAU;#00000050;;
NL_BAU_h;NL-High BAU;#99000050;;
NL_T50_Q;NL T50 QUAN;orange1;;
ATL_T50_QUAN;ATL T50 QUAN;violet;;
ATL_T50_Q_l;ATL-Low T50 QUAN;#000099FF;;
ATL_T50_Q_bg;ATL-BG T50 QUAN;grey;;
ATL_T50_Q_h;ATL-High T50 QUAN;#990000FF;;
NL_T50_Q_l;NL-Low T50 QUAN;#000099FF;;
NL_T50_Q_bg;NL-BG T50 QUAN;#000000FF;;
NL_T50_Q_h;NL-High T50 QUAN;#990000FF;;
NL_T50_I;NL T50 INT;#00000075;;
ATL_T50_I;ATL T50 I;violet;;
ATL_T50_I_l;ATL T50 I low;#00009960;;
ATL_T50_I_bg;ATL T50 I bg;#00000060;;
ATL_T50_I_h;ATL T50 I high;#99000060;;
NL_T50_I_l;NL T50 I low;#00009960;;
NL_T50_I_bg;NL T50 I bg;#00000060;;
NL_T50_I_h;NL T50 I high;#99000060;;
NL_T30_Q;NL T30Q;darkorange2;;dotted
ATL_T30_Q;ATL T30 QUAN;gold;;
ATL_T30_Q_l;ATL-Low T30Q;#FF100099;;
ATL_T30_Q_bg;ATL-BG T30Q;#FF350099;;
ATL_T30_Q_h;ATL-High T30Q;#FF600099;;
NL_T30_Q_l;NL-Low T30 QUAN;#000099FF;;
NL_T30_Q_bg;NL-BG T30 QUAN;#000000FF;;
NL_T30_Q_h;NL-High T30 QUAN;#990000FF;;
NL_T30_I;NL T30I;darkgreen;;
ATL_T30_I;ATL T30 INT;green;;
ATL_T30_I_l;ATL-Low T30I;#00FF0099;;
ATL_T30_I_bg;ATL-BG T30I;#00750099;;
ATL_T30_I_h;ATL-High T30I;#00400099;;
NL_T30_I_l;NL-Low T30 INT;#00009960;;
NL_T30_I_bg;NL-BG T30 INT;#00000060;;
NL_T30_I_h;NL-High T30 INT;#99000060;;
IEA;IEA;#000000;3;
IEA.historical;IEA;#000000;3;
NL_T30_Q_t50;NL T30Q;darkorange;;
ATL_T30_Q_t50;ATL T30 QUAN;gold;;
ATL_T30_Q_t50_l;ATL-Low T30 QUAN;#000099FF;;
ATL_T30_Q_t50_bg;ATL-BG T30 QUAN;grey;;
ATL_T30_Q_t50_h;ATL-High T30 QUAN;#990000FF;;
NL_T30_Q_t50_l;NL-Low T30 QUAN;darkblue;;
NL_T30_Q_t50_bg;NL-BG T30 QUAN;red;;
NL_T30_Q_t50_h;NL-High T30 QUAN;#990000FF;;
LTA_T30_Q_t50_l;LTA-Low T30 QUAN;blue;;
LTA_T30_Q_t50_h;LTA-High T30 QUAN;brown2;;
BG_T30_Q_t50;BG T30 QUAN;black;;
ATL_T50_Q_FUQ_h;ATL-High T50 FUQ;brown;;
ATL_T50_Q_FUQ_l;ATL-Low T50 FUQ;brown;;
ATL_T50_Q_FUI_h;ATL-High T50 FUI;green4;;
ATL_T50_Q_FUI_l;ATL-Low T50 FUI;green4;;
ATL_T50_Q_FUQ_bg;ATL-BG T50 FUQ;brown;;
ATL_T50_Q_FUI_bg;ATL-BG T50 FUI;green4;;
BG_T50_Q_FUQ;ATL-BG FUQ;black;;
BG_T50_Q_FUI;ATL-BG FUI;grey;;
LTA_T50_Q_FUQ_h;ATL-High FUQ;brown2;;
LTA_T50_Q_FUQ_l;ATL-Low FUQ;#000099FF;;
LTA_T50_Q_FUI_h;ATL-High FUI;#99000060;;
LTA_T50_Q_FUI_l;ATL-Low FUI;#00009960;;
Emi|GHGtot (Mt CO2-equiv/yr);GHG Emissions (Mt CO2-equiv/yr);red;;
NL;No Learn;red;;dotted
LTA_T50_Q_FUI;FUI;red;;
LTA_T50_Q_FUQ;FUQ;blue;;
MAgPIE.SSP1-Ref;MAgPIE.SSP1-Ref;#00FF00;;
MAgPIE.SSP2-Ref;MAgPIE.SSP2-Ref;#0000FF;;
MAgPIE.SSP3-Ref;MAgPIE.SSP3-Ref;#FF0000;;
MAgPIE.SSP4-Ref;MAgPIE.SSP4-Ref;#FFB900;;
MAgPIE.SSP5-Ref;MAgPIE.SSP5-Ref;#FF00FF;;
Canadell_2007.historical;;#1b9e77;;
dietrich_et_al_2012.historical;;#d95f02;;
FAOSTAT.historical;;#7570b3;;
Harris_2013.historical;;#e7298a;;
LUH2v2.historical;;#66a61e;;
WDI.historical;;#e6ab02;21;
PRIMAPhist.historical;;#a6761d;;
Eurostat.historical;Eurostat;#944ea5;23;
CEDS.historical;CEDS;#e69202;21;
EDGE_SSP1.historical;EDGE_SSP1;#45a3d2;3;
EDGE_SSP2.historical;EDGE_SSP2;#456bd2;3;
EU_ReferenceScenario.historical;EU_ReferenceScenario;#31cc93;3;
IRENA.historical;IRENA;#335399;3;
bunkers;Bunkers;#DF0101;;
no bunkers;W/O Bunkers;#2E9AFE;;
Charger;Charger;#00aedb;;
Inconvenience cost total;Inconvenience cost total;#00b159;;
Model availability;Model availability;#f37735;;
pmod_av;Model availability;#f37735;;
Range anxiety;Range anxiety;#ffc425;;
prange;Range anxiety;#ffc425;;
Ref. stations availability;Refueling stations availability;#8c8c8c;;
pchar;Charging stations availability;#8c8c8c;;
pref;Refueling stations availability;#8c8c8c;;
Risk;Risk;#d11141;;
prisk;Risk aversion;#d11141;;
pinco_tot;Total inconvenience cost; #00b159;;
Busses;Busses;#32cd32;;
Aircraft international;Aircraft (international);#9acd32;;
Aircraft domestic;Aircraft (domestic);#7cfc00;;
Freight Trains;Freight Trains;#DBA901;;
Large Cars;Large Cars;#6495ed;;
Motorbikes;Motorbikes;#1874cd;;
Small Cars;Small Cars;#87cefa;;
Ships international;Ships (international);#cd2626;;
Ships domestic;Ships (domestic);#B45F04;;
Passenger Trains;Passenger Trains;#2e8b57;;
Trucks;Trucks;#ff6a6a;;
ICE;ICE;#8c8c8c;;
NG;NG;#d11141;;
Trucks (<3.5t);Trucks (<3.5t);#ff7f50;;
Trucks (3.5t-16);Trucks (3.5t-16);#8b0000;;
Trucks (>16) ;Trucks (>16) ;#fa8072;;
Road|LDV|Four Wheelers;Road|LDV|Four Wheelers;#A4A8A6;;
Road|LDV|Two Wheelers;Road|LDV|Two Wheelers;#7e9489;;
Road|LDV;Road|LDV;#7e8085;;
Road|Non Motorized|Walking;Road|Non Motorized|Walking;#BEF781;;
Road|Non Motorized|Cycling;Road|Non Motorized|Cycling;#01DF3A;;
Aviation|Domestic;Aviation|Domestic;#660000;;
Rail|non-HSR;Rail|non|HSR;#000066;;
Rail|HSR;Rail|HSR;#66CCFF;;
Road|Bus;Road|Bus;#FFCC33;;
Aviation|International;Aviation|International;#FF0000;;
Small;Small;#b8b4b4;;
Medium;Medium;#848484;;
Mini;Mini;#d1cfcf;;
SUV;SUV;#C4A1A1;;
Large;Large;#424242;;
Van;Van;#604343;;
BEV;BEV;#ffb200;;
Electric;Electric;#ffb200;;
FCEV;FCEV;#66cccc;;
Hybrid Electric;Hybrid Electric;#f37735;;
International Shipping;International Shipping;#660099;;
Rail;Rail;#333366;;
Road;Road;#6699CC;;
Navigation;Navigation;#666699;;
(0−3.5t);(0−3.5t);#B0EBEE;;
(7.5t);(7.5t);#2893A9;;
(40t);(40t);#172f56;;
(26t);(26t);#25467c;;
(18t);(18t);#325fa4;;
non_fuel_price;non_fuel_price;#FF8000;;
fuel_price_pkm;fuel_price_pkm;#0040FF;;
tot_VOT_price;tot_VOT_price;#04B431;;
Eq inconvenience cost;Eq inconvenience cost;#B40431;;
Lignite;Lignite;#858585;;
Hard Coal;Hard Coal;#0c0c0c;;
Hydrogen [external];Hydrogen;#88FFFF;;
Storage|Stat Batteries;Storage Batteries;#FF8C00;;
Storage|Pump Hydro;Pump Hydro;#EE82EE;;
Net Imports;Net Imports;#EE4000;;
Energy|Supply|Heat|District Heating;District Heating;#97d700;;
Energy|Supply|Electricity;Electricity;#bb29bb;;
CHP|Hard Coal;CHP|Hard Coal;#0c0c0c;;
CHP|Lignite;CHP|Lignite;orange4;;
CHP|Gas;CHP|Gas;#999959;;
CHP|Hydrogen;CHP|Hydrogen;#88FFFF;;
CHP|Oil;CHP|Oil;#663a00;;
CHP|Waste;CHP|Waste;#bcbc6d;;
CHP|Other;CHP|Other;#cc00cc;;
CHP|Other Fossil;CHP|Other Fossil;LightSalmon1;;
CHP|Biomass;CHP|Biomass;#005900;;
Heat-only|Hard Coal;Heat-only|Hard Coal;#2F4F4F;;
Heat-only|Lignite;Heat-only|Lignite;#8B7355;;
Heat-only|Gas;Heat-only|Gas;#528B8B;;
Heat-only|Oil;Heat-only|Oil;#CD5B45;;
Heat-only|Other;Heat-only|Other;#CD8162;;
Heat-only|Waste;Heat-only|Waste;#e58e73;;
Heat-only|Other Fossil;Heat-only|Other Fossil;#8B5742;;
Heat-only|Biomass;Heat-only|Biomass;#7FFF00;;
Heat-only|Heat Pump;Heat-only|Heat Pump;#00B2EE;;
Heat-only|Electric Boiler;Heat-only|Electric Boiler;#BFEFFF;;
Heat-only|Solar;Heat-only|Solar;#FFD700;;
Heat-only|Geothermal;Heat-only|Geothermal;#C71585;;
Cap|Stationary;EU ETS cap;#ff9800;;
non-ETS-covered;non ETS;#150144;;
ETS-covered;ETS;#c3406b;;